<application>
  <component name="ProjectJdkTable">
    <jdk version="2">
      <name value="adopt-openjdk-1.8" />
      <type value="JavaSDK" />
      <version value="AdoptOpenJDK (HostSpot) version 1.8.0_292" />
      <homePath value="/Library/Java/JavaVirtualMachines/adoptopenjdk-8.jdk/Contents/Home" />
      <roots>
        <annotationsPath>
          <root type="composite">
            <root url="jar://$APPLICATION_HOME_DIR$/plugins/java/lib/jdkAnnotations.jar!/" type="simple" />
          </root>
        </annotationsPath>
        <classPath>
          <root type="composite">
            <root url="jar:///Library/Java/JavaVirtualMachines/adoptopenjdk-8.jdk/Contents/Home/jre/lib/charsets.jar!/" type="simple" />
            <root url="jar:///Library/Java/JavaVirtualMachines/adoptopenjdk-8.jdk/Contents/Home/jre/lib/ext/cldrdata.jar!/" type="simple" />
            <root url="jar:///Library/Java/JavaVirtualMachines/adoptopenjdk-8.jdk/Contents/Home/jre/lib/ext/dnsns.jar!/" type="simple" />
            <root url="jar:///Library/Java/JavaVirtualMachines/adoptopenjdk-8.jdk/Contents/Home/jre/lib/ext/jaccess.jar!/" type="simple" />
            <root url="jar:///Library/Java/JavaVirtualMachines/adoptopenjdk-8.jdk/Contents/Home/jre/lib/ext/localedata.jar!/" type="simple" />
            <root url="jar:///Library/Java/JavaVirtualMachines/adoptopenjdk-8.jdk/Contents/Home/jre/lib/ext/nashorn.jar!/" type="simple" />
            <root url="jar:///Library/Java/JavaVirtualMachines/adoptopenjdk-8.jdk/Contents/Home/jre/lib/ext/sunec.jar!/" type="simple" />
            <root url="jar:///Library/Java/JavaVirtualMachines/adoptopenjdk-8.jdk/Contents/Home/jre/lib/ext/sunjce_provider.jar!/" type="simple" />
            <root url="jar:///Library/Java/JavaVirtualMachines/adoptopenjdk-8.jdk/Contents/Home/jre/lib/ext/sunpkcs11.jar!/" type="simple" />
            <root url="jar:///Library/Java/JavaVirtualMachines/adoptopenjdk-8.jdk/Contents/Home/jre/lib/ext/zipfs.jar!/" type="simple" />
            <root url="jar:///Library/Java/JavaVirtualMachines/adoptopenjdk-8.jdk/Contents/Home/jre/lib/jce.jar!/" type="simple" />
            <root url="jar:///Library/Java/JavaVirtualMachines/adoptopenjdk-8.jdk/Contents/Home/jre/lib/jfr.jar!/" type="simple" />
            <root url="jar:///Library/Java/JavaVirtualMachines/adoptopenjdk-8.jdk/Contents/Home/jre/lib/jsse.jar!/" type="simple" />
            <root url="jar:///Library/Java/JavaVirtualMachines/adoptopenjdk-8.jdk/Contents/Home/jre/lib/management-agent.jar!/" type="simple" />
            <root url="jar:///Library/Java/JavaVirtualMachines/adoptopenjdk-8.jdk/Contents/Home/jre/lib/resources.jar!/" type="simple" />
            <root url="jar:///Library/Java/JavaVirtualMachines/adoptopenjdk-8.jdk/Contents/Home/jre/lib/rt.jar!/" type="simple" />
            <root url="jar:///Library/Java/JavaVirtualMachines/adoptopenjdk-8.jdk/Contents/Home/lib/dt.jar!/" type="simple" />
            <root url="jar:///Library/Java/JavaVirtualMachines/adoptopenjdk-8.jdk/Contents/Home/lib/jconsole.jar!/" type="simple" />
            <root url="jar:///Library/Java/JavaVirtualMachines/adoptopenjdk-8.jdk/Contents/Home/lib/sa-jdi.jar!/" type="simple" />
            <root url="jar:///Library/Java/JavaVirtualMachines/adoptopenjdk-8.jdk/Contents/Home/lib/tools.jar!/" type="simple" />
          </root>
        </classPath>
        <javadocPath>
          <root type="composite" />
        </javadocPath>
        <sourcePath>
          <root type="composite">
            <root url="jar:///Library/Java/JavaVirtualMachines/adoptopenjdk-8.jdk/Contents/Home/src.zip!/" type="simple" />
          </root>
        </sourcePath>
      </roots>
      <additional />
    </jdk>
    <jdk version="2">
      <name value="11 (2)" />
      <type value="JavaSDK" />
      <version value="version 11.0.2" />
      <homePath value="$USER_HOME$/.sdkman/candidates/java/11.0.2-open" />
      <roots>
        <annotationsPath>
          <root type="composite">
            <root url="jar://$APPLICATION_HOME_DIR$/plugins/java/lib/jdkAnnotations.jar!/" type="simple" />
          </root>
        </annotationsPath>
        <classPath>
          <root type="composite">
            <root url="jrt:///Users/Walter/.sdkman/candidates/java/11.0.2-open!/java.base" type="simple" />
            <root url="jrt:///Users/Walter/.sdkman/candidates/java/11.0.2-open!/java.compiler" type="simple" />
            <root url="jrt:///Users/Walter/.sdkman/candidates/java/11.0.2-open!/java.datatransfer" type="simple" />
            <root url="jrt:///Users/Walter/.sdkman/candidates/java/11.0.2-open!/java.desktop" type="simple" />
            <root url="jrt:///Users/Walter/.sdkman/candidates/java/11.0.2-open!/java.instrument" type="simple" />
            <root url="jrt:///Users/Walter/.sdkman/candidates/java/11.0.2-open!/java.logging" type="simple" />
            <root url="jrt:///Users/Walter/.sdkman/candidates/java/11.0.2-open!/java.management" type="simple" />
            <root url="jrt:///Users/Walter/.sdkman/candidates/java/11.0.2-open!/java.management.rmi" type="simple" />
            <root url="jrt:///Users/Walter/.sdkman/candidates/java/11.0.2-open!/java.naming" type="simple" />
            <root url="jrt:///Users/Walter/.sdkman/candidates/java/11.0.2-open!/java.net.http" type="simple" />
            <root url="jrt:///Users/Walter/.sdkman/candidates/java/11.0.2-open!/java.prefs" type="simple" />
            <root url="jrt:///Users/Walter/.sdkman/candidates/java/11.0.2-open!/java.rmi" type="simple" />
            <root url="jrt:///Users/Walter/.sdkman/candidates/java/11.0.2-open!/java.scripting" type="simple" />
            <root url="jrt:///Users/Walter/.sdkman/candidates/java/11.0.2-open!/java.se" type="simple" />
            <root url="jrt:///Users/Walter/.sdkman/candidates/java/11.0.2-open!/java.security.jgss" type="simple" />
            <root url="jrt:///Users/Walter/.sdkman/candidates/java/11.0.2-open!/java.security.sasl" type="simple" />
            <root url="jrt:///Users/Walter/.sdkman/candidates/java/11.0.2-open!/java.smartcardio" type="simple" />
            <root url="jrt:///Users/Walter/.sdkman/candidates/java/11.0.2-open!/java.sql" type="simple" />
            <root url="jrt:///Users/Walter/.sdkman/candidates/java/11.0.2-open!/java.sql.rowset" type="simple" />
            <root url="jrt:///Users/Walter/.sdkman/candidates/java/11.0.2-open!/java.transaction.xa" type="simple" />
            <root url="jrt:///Users/Walter/.sdkman/candidates/java/11.0.2-open!/java.xml" type="simple" />
            <root url="jrt:///Users/Walter/.sdkman/candidates/java/11.0.2-open!/java.xml.crypto" type="simple" />
            <root url="jrt:///Users/Walter/.sdkman/candidates/java/11.0.2-open!/jdk.accessibility" type="simple" />
            <root url="jrt:///Users/Walter/.sdkman/candidates/java/11.0.2-open!/jdk.aot" type="simple" />
            <root url="jrt:///Users/Walter/.sdkman/candidates/java/11.0.2-open!/jdk.attach" type="simple" />
            <root url="jrt:///Users/Walter/.sdkman/candidates/java/11.0.2-open!/jdk.charsets" type="simple" />
            <root url="jrt:///Users/Walter/.sdkman/candidates/java/11.0.2-open!/jdk.compiler" type="simple" />
            <root url="jrt:///Users/Walter/.sdkman/candidates/java/11.0.2-open!/jdk.crypto.cryptoki" type="simple" />
            <root url="jrt:///Users/Walter/.sdkman/candidates/java/11.0.2-open!/jdk.crypto.ec" type="simple" />
            <root url="jrt:///Users/Walter/.sdkman/candidates/java/11.0.2-open!/jdk.dynalink" type="simple" />
            <root url="jrt:///Users/Walter/.sdkman/candidates/java/11.0.2-open!/jdk.editpad" type="simple" />
            <root url="jrt:///Users/Walter/.sdkman/candidates/java/11.0.2-open!/jdk.hotspot.agent" type="simple" />
            <root url="jrt:///Users/Walter/.sdkman/candidates/java/11.0.2-open!/jdk.httpserver" type="simple" />
            <root url="jrt:///Users/Walter/.sdkman/candidates/java/11.0.2-open!/jdk.internal.ed" type="simple" />
            <root url="jrt:///Users/Walter/.sdkman/candidates/java/11.0.2-open!/jdk.internal.jvmstat" type="simple" />
            <root url="jrt:///Users/Walter/.sdkman/candidates/java/11.0.2-open!/jdk.internal.le" type="simple" />
            <root url="jrt:///Users/Walter/.sdkman/candidates/java/11.0.2-open!/jdk.internal.opt" type="simple" />
            <root url="jrt:///Users/Walter/.sdkman/candidates/java/11.0.2-open!/jdk.internal.vm.ci" type="simple" />
            <root url="jrt:///Users/Walter/.sdkman/candidates/java/11.0.2-open!/jdk.internal.vm.compiler" type="simple" />
            <root url="jrt:///Users/Walter/.sdkman/candidates/java/11.0.2-open!/jdk.internal.vm.compiler.management" type="simple" />
            <root url="jrt:///Users/Walter/.sdkman/candidates/java/11.0.2-open!/jdk.jartool" type="simple" />
            <root url="jrt:///Users/Walter/.sdkman/candidates/java/11.0.2-open!/jdk.javadoc" type="simple" />
            <root url="jrt:///Users/Walter/.sdkman/candidates/java/11.0.2-open!/jdk.jcmd" type="simple" />
            <root url="jrt:///Users/Walter/.sdkman/candidates/java/11.0.2-open!/jdk.jconsole" type="simple" />
            <root url="jrt:///Users/Walter/.sdkman/candidates/java/11.0.2-open!/jdk.jdeps" type="simple" />
            <root url="jrt:///Users/Walter/.sdkman/candidates/java/11.0.2-open!/jdk.jdi" type="simple" />
            <root url="jrt:///Users/Walter/.sdkman/candidates/java/11.0.2-open!/jdk.jdwp.agent" type="simple" />
            <root url="jrt:///Users/Walter/.sdkman/candidates/java/11.0.2-open!/jdk.jfr" type="simple" />
            <root url="jrt:///Users/Walter/.sdkman/candidates/java/11.0.2-open!/jdk.jlink" type="simple" />
            <root url="jrt:///Users/Walter/.sdkman/candidates/java/11.0.2-open!/jdk.jshell" type="simple" />
            <root url="jrt:///Users/Walter/.sdkman/candidates/java/11.0.2-open!/jdk.jsobject" type="simple" />
            <root url="jrt:///Users/Walter/.sdkman/candidates/java/11.0.2-open!/jdk.jstatd" type="simple" />
            <root url="jrt:///Users/Walter/.sdkman/candidates/java/11.0.2-open!/jdk.localedata" type="simple" />
            <root url="jrt:///Users/Walter/.sdkman/candidates/java/11.0.2-open!/jdk.management" type="simple" />
            <root url="jrt:///Users/Walter/.sdkman/candidates/java/11.0.2-open!/jdk.management.agent" type="simple" />
            <root url="jrt:///Users/Walter/.sdkman/candidates/java/11.0.2-open!/jdk.management.jfr" type="simple" />
            <root url="jrt:///Users/Walter/.sdkman/candidates/java/11.0.2-open!/jdk.naming.dns" type="simple" />
            <root url="jrt:///Users/Walter/.sdkman/candidates/java/11.0.2-open!/jdk.naming.rmi" type="simple" />
            <root url="jrt:///Users/Walter/.sdkman/candidates/java/11.0.2-open!/jdk.net" type="simple" />
            <root url="jrt:///Users/Walter/.sdkman/candidates/java/11.0.2-open!/jdk.pack" type="simple" />
            <root url="jrt:///Users/Walter/.sdkman/candidates/java/11.0.2-open!/jdk.rmic" type="simple" />
            <root url="jrt:///Users/Walter/.sdkman/candidates/java/11.0.2-open!/jdk.scripting.nashorn" type="simple" />
            <root url="jrt:///Users/Walter/.sdkman/candidates/java/11.0.2-open!/jdk.scripting.nashorn.shell" type="simple" />
            <root url="jrt:///Users/Walter/.sdkman/candidates/java/11.0.2-open!/jdk.sctp" type="simple" />
            <root url="jrt:///Users/Walter/.sdkman/candidates/java/11.0.2-open!/jdk.security.auth" type="simple" />
            <root url="jrt:///Users/Walter/.sdkman/candidates/java/11.0.2-open!/jdk.security.jgss" type="simple" />
            <root url="jrt:///Users/Walter/.sdkman/candidates/java/11.0.2-open!/jdk.unsupported" type="simple" />
            <root url="jrt:///Users/Walter/.sdkman/candidates/java/11.0.2-open!/jdk.unsupported.desktop" type="simple" />
            <root url="jrt:///Users/Walter/.sdkman/candidates/java/11.0.2-open!/jdk.xml.dom" type="simple" />
            <root url="jrt:///Users/Walter/.sdkman/candidates/java/11.0.2-open!/jdk.zipfs" type="simple" />
          </root>
        </classPath>
        <javadocPath>
          <root type="composite" />
        </javadocPath>
        <sourcePath>
          <root type="composite">
            <root url="jar://$USER_HOME$/.sdkman/candidates/java/11.0.2-open/lib/src.zip!/java.se" type="simple" />
            <root url="jar://$USER_HOME$/.sdkman/candidates/java/11.0.2-open/lib/src.zip!/jdk.aot" type="simple" />
            <root url="jar://$USER_HOME$/.sdkman/candidates/java/11.0.2-open/lib/src.zip!/jdk.jdi" type="simple" />
            <root url="jar://$USER_HOME$/.sdkman/candidates/java/11.0.2-open/lib/src.zip!/jdk.jfr" type="simple" />
            <root url="jar://$USER_HOME$/.sdkman/candidates/java/11.0.2-open/lib/src.zip!/jdk.net" type="simple" />
            <root url="jar://$USER_HOME$/.sdkman/candidates/java/11.0.2-open/lib/src.zip!/java.rmi" type="simple" />
            <root url="jar://$USER_HOME$/.sdkman/candidates/java/11.0.2-open/lib/src.zip!/java.sql" type="simple" />
            <root url="jar://$USER_HOME$/.sdkman/candidates/java/11.0.2-open/lib/src.zip!/java.xml" type="simple" />
            <root url="jar://$USER_HOME$/.sdkman/candidates/java/11.0.2-open/lib/src.zip!/jdk.jcmd" type="simple" />
            <root url="jar://$USER_HOME$/.sdkman/candidates/java/11.0.2-open/lib/src.zip!/jdk.pack" type="simple" />
            <root url="jar://$USER_HOME$/.sdkman/candidates/java/11.0.2-open/lib/src.zip!/jdk.rmic" type="simple" />
            <root url="jar://$USER_HOME$/.sdkman/candidates/java/11.0.2-open/lib/src.zip!/jdk.sctp" type="simple" />
            <root url="jar://$USER_HOME$/.sdkman/candidates/java/11.0.2-open/lib/src.zip!/java.base" type="simple" />
            <root url="jar://$USER_HOME$/.sdkman/candidates/java/11.0.2-open/lib/src.zip!/jdk.jdeps" type="simple" />
            <root url="jar://$USER_HOME$/.sdkman/candidates/java/11.0.2-open/lib/src.zip!/jdk.jlink" type="simple" />
            <root url="jar://$USER_HOME$/.sdkman/candidates/java/11.0.2-open/lib/src.zip!/jdk.zipfs" type="simple" />
            <root url="jar://$USER_HOME$/.sdkman/candidates/java/11.0.2-open/lib/src.zip!/java.prefs" type="simple" />
            <root url="jar://$USER_HOME$/.sdkman/candidates/java/11.0.2-open/lib/src.zip!/jdk.attach" type="simple" />
            <root url="jar://$USER_HOME$/.sdkman/candidates/java/11.0.2-open/lib/src.zip!/jdk.jshell" type="simple" />
            <root url="jar://$USER_HOME$/.sdkman/candidates/java/11.0.2-open/lib/src.zip!/jdk.jstatd" type="simple" />
            <root url="jar://$USER_HOME$/.sdkman/candidates/java/11.0.2-open/lib/src.zip!/java.naming" type="simple" />
            <root url="jar://$USER_HOME$/.sdkman/candidates/java/11.0.2-open/lib/src.zip!/jdk.editpad" type="simple" />
            <root url="jar://$USER_HOME$/.sdkman/candidates/java/11.0.2-open/lib/src.zip!/jdk.jartool" type="simple" />
            <root url="jar://$USER_HOME$/.sdkman/candidates/java/11.0.2-open/lib/src.zip!/jdk.javadoc" type="simple" />
            <root url="jar://$USER_HOME$/.sdkman/candidates/java/11.0.2-open/lib/src.zip!/jdk.xml.dom" type="simple" />
            <root url="jar://$USER_HOME$/.sdkman/candidates/java/11.0.2-open/lib/src.zip!/java.desktop" type="simple" />
            <root url="jar://$USER_HOME$/.sdkman/candidates/java/11.0.2-open/lib/src.zip!/java.logging" type="simple" />
            <root url="jar://$USER_HOME$/.sdkman/candidates/java/11.0.2-open/lib/src.zip!/jdk.charsets" type="simple" />
            <root url="jar://$USER_HOME$/.sdkman/candidates/java/11.0.2-open/lib/src.zip!/jdk.compiler" type="simple" />
            <root url="jar://$USER_HOME$/.sdkman/candidates/java/11.0.2-open/lib/src.zip!/jdk.dynalink" type="simple" />
            <root url="jar://$USER_HOME$/.sdkman/candidates/java/11.0.2-open/lib/src.zip!/jdk.jconsole" type="simple" />
            <root url="jar://$USER_HOME$/.sdkman/candidates/java/11.0.2-open/lib/src.zip!/jdk.jsobject" type="simple" />
            <root url="jar://$USER_HOME$/.sdkman/candidates/java/11.0.2-open/lib/src.zip!/java.compiler" type="simple" />
            <root url="jar://$USER_HOME$/.sdkman/candidates/java/11.0.2-open/lib/src.zip!/java.net.http" type="simple" />
            <root url="jar://$USER_HOME$/.sdkman/candidates/java/11.0.2-open/lib/src.zip!/jdk.crypto.ec" type="simple" />
            <root url="jar://$USER_HOME$/.sdkman/candidates/java/11.0.2-open/lib/src.zip!/java.scripting" type="simple" />
            <root url="jar://$USER_HOME$/.sdkman/candidates/java/11.0.2-open/lib/src.zip!/jdk.httpserver" type="simple" />
            <root url="jar://$USER_HOME$/.sdkman/candidates/java/11.0.2-open/lib/src.zip!/jdk.jdwp.agent" type="simple" />
            <root url="jar://$USER_HOME$/.sdkman/candidates/java/11.0.2-open/lib/src.zip!/jdk.localedata" type="simple" />
            <root url="jar://$USER_HOME$/.sdkman/candidates/java/11.0.2-open/lib/src.zip!/jdk.management" type="simple" />
            <root url="jar://$USER_HOME$/.sdkman/candidates/java/11.0.2-open/lib/src.zip!/jdk.naming.dns" type="simple" />
            <root url="jar://$USER_HOME$/.sdkman/candidates/java/11.0.2-open/lib/src.zip!/jdk.naming.rmi" type="simple" />
            <root url="jar://$USER_HOME$/.sdkman/candidates/java/11.0.2-open/lib/src.zip!/java.instrument" type="simple" />
            <root url="jar://$USER_HOME$/.sdkman/candidates/java/11.0.2-open/lib/src.zip!/java.management" type="simple" />
            <root url="jar://$USER_HOME$/.sdkman/candidates/java/11.0.2-open/lib/src.zip!/java.sql.rowset" type="simple" />
            <root url="jar://$USER_HOME$/.sdkman/candidates/java/11.0.2-open/lib/src.zip!/java.xml.crypto" type="simple" />
            <root url="jar://$USER_HOME$/.sdkman/candidates/java/11.0.2-open/lib/src.zip!/jdk.internal.ed" type="simple" />
            <root url="jar://$USER_HOME$/.sdkman/candidates/java/11.0.2-open/lib/src.zip!/jdk.internal.le" type="simple" />
            <root url="jar://$USER_HOME$/.sdkman/candidates/java/11.0.2-open/lib/src.zip!/jdk.unsupported" type="simple" />
            <root url="jar://$USER_HOME$/.sdkman/candidates/java/11.0.2-open/lib/src.zip!/java.smartcardio" type="simple" />
            <root url="jar://$USER_HOME$/.sdkman/candidates/java/11.0.2-open/lib/src.zip!/jdk.internal.opt" type="simple" />
            <root url="jar://$USER_HOME$/.sdkman/candidates/java/11.0.2-open/lib/src.zip!/java.datatransfer" type="simple" />
            <root url="jar://$USER_HOME$/.sdkman/candidates/java/11.0.2-open/lib/src.zip!/jdk.accessibility" type="simple" />
            <root url="jar://$USER_HOME$/.sdkman/candidates/java/11.0.2-open/lib/src.zip!/jdk.hotspot.agent" type="simple" />
            <root url="jar://$USER_HOME$/.sdkman/candidates/java/11.0.2-open/lib/src.zip!/jdk.security.auth" type="simple" />
            <root url="jar://$USER_HOME$/.sdkman/candidates/java/11.0.2-open/lib/src.zip!/jdk.security.jgss" type="simple" />
            <root url="jar://$USER_HOME$/.sdkman/candidates/java/11.0.2-open/lib/src.zip!/java.security.jgss" type="simple" />
            <root url="jar://$USER_HOME$/.sdkman/candidates/java/11.0.2-open/lib/src.zip!/java.security.sasl" type="simple" />
            <root url="jar://$USER_HOME$/.sdkman/candidates/java/11.0.2-open/lib/src.zip!/jdk.internal.vm.ci" type="simple" />
            <root url="jar://$USER_HOME$/.sdkman/candidates/java/11.0.2-open/lib/src.zip!/jdk.management.jfr" type="simple" />
            <root url="jar://$USER_HOME$/.sdkman/candidates/java/11.0.2-open/lib/src.zip!/java.management.rmi" type="simple" />
            <root url="jar://$USER_HOME$/.sdkman/candidates/java/11.0.2-open/lib/src.zip!/java.transaction.xa" type="simple" />
            <root url="jar://$USER_HOME$/.sdkman/candidates/java/11.0.2-open/lib/src.zip!/jdk.crypto.cryptoki" type="simple" />
            <root url="jar://$USER_HOME$/.sdkman/candidates/java/11.0.2-open/lib/src.zip!/jdk.internal.jvmstat" type="simple" />
            <root url="jar://$USER_HOME$/.sdkman/candidates/java/11.0.2-open/lib/src.zip!/jdk.management.agent" type="simple" />
            <root url="jar://$USER_HOME$/.sdkman/candidates/java/11.0.2-open/lib/src.zip!/jdk.scripting.nashorn" type="simple" />
            <root url="jar://$USER_HOME$/.sdkman/candidates/java/11.0.2-open/lib/src.zip!/jdk.unsupported.desktop" type="simple" />
            <root url="jar://$USER_HOME$/.sdkman/candidates/java/11.0.2-open/lib/src.zip!/jdk.internal.vm.compiler" type="simple" />
            <root url="jar://$USER_HOME$/.sdkman/candidates/java/11.0.2-open/lib/src.zip!/jdk.scripting.nashorn.shell" type="simple" />
            <root url="jar://$USER_HOME$/.sdkman/candidates/java/11.0.2-open/lib/src.zip!/jdk.internal.vm.compiler.management" type="simple" />
          </root>
        </sourcePath>
      </roots>
      <additional />
    </jdk>
    <jdk version="2">
      <name value="adopt-openj9-1.8" />
      <type value="JavaSDK" />
      <version value="AdoptOpenJDK (OpenJ9) version 1.8.0_292" />
      <homePath value="$USER_HOME$/.sdkman/candidates/java/8.0.292.j9-adpt" />
      <roots>
        <annotationsPath>
          <root type="composite">
            <root url="jar://$APPLICATION_HOME_DIR$/plugins/java/lib/jdkAnnotations.jar!/" type="simple" />
          </root>
        </annotationsPath>
        <classPath>
          <root type="composite">
            <root url="jar://$USER_HOME$/.sdkman/candidates/java/8.0.292.j9-adpt/jre/lib/charsets.jar!/" type="simple" />
            <root url="jar://$USER_HOME$/.sdkman/candidates/java/8.0.292.j9-adpt/jre/lib/ext/cldrdata.jar!/" type="simple" />
            <root url="jar://$USER_HOME$/.sdkman/candidates/java/8.0.292.j9-adpt/jre/lib/ext/dnsns.jar!/" type="simple" />
            <root url="jar://$USER_HOME$/.sdkman/candidates/java/8.0.292.j9-adpt/jre/lib/ext/dtfj.jar!/" type="simple" />
            <root url="jar://$USER_HOME$/.sdkman/candidates/java/8.0.292.j9-adpt/jre/lib/ext/dtfjview.jar!/" type="simple" />
            <root url="jar://$USER_HOME$/.sdkman/candidates/java/8.0.292.j9-adpt/jre/lib/ext/jaccess.jar!/" type="simple" />
            <root url="jar://$USER_HOME$/.sdkman/candidates/java/8.0.292.j9-adpt/jre/lib/ext/localedata.jar!/" type="simple" />
            <root url="jar://$USER_HOME$/.sdkman/candidates/java/8.0.292.j9-adpt/jre/lib/ext/nashorn.jar!/" type="simple" />
            <root url="jar://$USER_HOME$/.sdkman/candidates/java/8.0.292.j9-adpt/jre/lib/ext/sunec.jar!/" type="simple" />
            <root url="jar://$USER_HOME$/.sdkman/candidates/java/8.0.292.j9-adpt/jre/lib/ext/sunjce_provider.jar!/" type="simple" />
            <root url="jar://$USER_HOME$/.sdkman/candidates/java/8.0.292.j9-adpt/jre/lib/ext/sunpkcs11.jar!/" type="simple" />
            <root url="jar://$USER_HOME$/.sdkman/candidates/java/8.0.292.j9-adpt/jre/lib/ext/traceformat.jar!/" type="simple" />
            <root url="jar://$USER_HOME$/.sdkman/candidates/java/8.0.292.j9-adpt/jre/lib/ext/zipfs.jar!/" type="simple" />
            <root url="jar://$USER_HOME$/.sdkman/candidates/java/8.0.292.j9-adpt/jre/lib/jce.jar!/" type="simple" />
            <root url="jar://$USER_HOME$/.sdkman/candidates/java/8.0.292.j9-adpt/jre/lib/jsse.jar!/" type="simple" />
            <root url="jar://$USER_HOME$/.sdkman/candidates/java/8.0.292.j9-adpt/jre/lib/management-agent.jar!/" type="simple" />
            <root url="jar://$USER_HOME$/.sdkman/candidates/java/8.0.292.j9-adpt/jre/lib/resources.jar!/" type="simple" />
            <root url="jar://$USER_HOME$/.sdkman/candidates/java/8.0.292.j9-adpt/jre/lib/rt.jar!/" type="simple" />
            <root url="jar://$USER_HOME$/.sdkman/candidates/java/8.0.292.j9-adpt/lib/dt.jar!/" type="simple" />
            <root url="jar://$USER_HOME$/.sdkman/candidates/java/8.0.292.j9-adpt/lib/jconsole.jar!/" type="simple" />
            <root url="jar://$USER_HOME$/.sdkman/candidates/java/8.0.292.j9-adpt/lib/tools.jar!/" type="simple" />
          </root>
        </classPath>
        <javadocPath>
          <root type="composite" />
        </javadocPath>
        <sourcePath>
          <root type="composite">
            <root url="jar://$USER_HOME$/.sdkman/candidates/java/8.0.292.j9-adpt/src.zip!/" type="simple" />
          </root>
        </sourcePath>
      </roots>
      <additional />
    </jdk>
    <jdk version="2">
      <name value="11" />
      <type value="JavaSDK" />
      <version value="java version &quot;11.0.2&quot;" />
      <homePath value="$USER_HOME$/.sdkman/candidates/java/11.0.2-open" />
      <roots>
        <annotationsPath>
          <root type="composite">
            <root url="jar://$APPLICATION_HOME_DIR$/plugins/java/lib/jdkAnnotations.jar!/" type="simple" />
          </root>
        </annotationsPath>
        <classPath>
          <root type="composite">
            <root url="jrt:///Users/Walter/.sdkman/candidates/java/11.0.2-open!/java.base" type="simple" />
            <root url="jrt:///Users/Walter/.sdkman/candidates/java/11.0.2-open!/java.compiler" type="simple" />
            <root url="jrt:///Users/Walter/.sdkman/candidates/java/11.0.2-open!/java.datatransfer" type="simple" />
            <root url="jrt:///Users/Walter/.sdkman/candidates/java/11.0.2-open!/java.desktop" type="simple" />
            <root url="jrt:///Users/Walter/.sdkman/candidates/java/11.0.2-open!/java.instrument" type="simple" />
            <root url="jrt:///Users/Walter/.sdkman/candidates/java/11.0.2-open!/java.logging" type="simple" />
            <root url="jrt:///Users/Walter/.sdkman/candidates/java/11.0.2-open!/java.management" type="simple" />
            <root url="jrt:///Users/Walter/.sdkman/candidates/java/11.0.2-open!/java.management.rmi" type="simple" />
            <root url="jrt:///Users/Walter/.sdkman/candidates/java/11.0.2-open!/java.naming" type="simple" />
            <root url="jrt:///Users/Walter/.sdkman/candidates/java/11.0.2-open!/java.net.http" type="simple" />
            <root url="jrt:///Users/Walter/.sdkman/candidates/java/11.0.2-open!/java.prefs" type="simple" />
            <root url="jrt:///Users/Walter/.sdkman/candidates/java/11.0.2-open!/java.rmi" type="simple" />
            <root url="jrt:///Users/Walter/.sdkman/candidates/java/11.0.2-open!/java.scripting" type="simple" />
            <root url="jrt:///Users/Walter/.sdkman/candidates/java/11.0.2-open!/java.se" type="simple" />
            <root url="jrt:///Users/Walter/.sdkman/candidates/java/11.0.2-open!/java.security.jgss" type="simple" />
            <root url="jrt:///Users/Walter/.sdkman/candidates/java/11.0.2-open!/java.security.sasl" type="simple" />
            <root url="jrt:///Users/Walter/.sdkman/candidates/java/11.0.2-open!/java.smartcardio" type="simple" />
            <root url="jrt:///Users/Walter/.sdkman/candidates/java/11.0.2-open!/java.sql" type="simple" />
            <root url="jrt:///Users/Walter/.sdkman/candidates/java/11.0.2-open!/java.sql.rowset" type="simple" />
            <root url="jrt:///Users/Walter/.sdkman/candidates/java/11.0.2-open!/java.transaction.xa" type="simple" />
            <root url="jrt:///Users/Walter/.sdkman/candidates/java/11.0.2-open!/java.xml" type="simple" />
            <root url="jrt:///Users/Walter/.sdkman/candidates/java/11.0.2-open!/java.xml.crypto" type="simple" />
            <root url="jrt:///Users/Walter/.sdkman/candidates/java/11.0.2-open!/jdk.accessibility" type="simple" />
            <root url="jrt:///Users/Walter/.sdkman/candidates/java/11.0.2-open!/jdk.aot" type="simple" />
            <root url="jrt:///Users/Walter/.sdkman/candidates/java/11.0.2-open!/jdk.attach" type="simple" />
            <root url="jrt:///Users/Walter/.sdkman/candidates/java/11.0.2-open!/jdk.charsets" type="simple" />
            <root url="jrt:///Users/Walter/.sdkman/candidates/java/11.0.2-open!/jdk.compiler" type="simple" />
            <root url="jrt:///Users/Walter/.sdkman/candidates/java/11.0.2-open!/jdk.crypto.cryptoki" type="simple" />
            <root url="jrt:///Users/Walter/.sdkman/candidates/java/11.0.2-open!/jdk.crypto.ec" type="simple" />
            <root url="jrt:///Users/Walter/.sdkman/candidates/java/11.0.2-open!/jdk.dynalink" type="simple" />
            <root url="jrt:///Users/Walter/.sdkman/candidates/java/11.0.2-open!/jdk.editpad" type="simple" />
            <root url="jrt:///Users/Walter/.sdkman/candidates/java/11.0.2-open!/jdk.hotspot.agent" type="simple" />
            <root url="jrt:///Users/Walter/.sdkman/candidates/java/11.0.2-open!/jdk.httpserver" type="simple" />
            <root url="jrt:///Users/Walter/.sdkman/candidates/java/11.0.2-open!/jdk.internal.ed" type="simple" />
            <root url="jrt:///Users/Walter/.sdkman/candidates/java/11.0.2-open!/jdk.internal.jvmstat" type="simple" />
            <root url="jrt:///Users/Walter/.sdkman/candidates/java/11.0.2-open!/jdk.internal.le" type="simple" />
            <root url="jrt:///Users/Walter/.sdkman/candidates/java/11.0.2-open!/jdk.internal.opt" type="simple" />
            <root url="jrt:///Users/Walter/.sdkman/candidates/java/11.0.2-open!/jdk.internal.vm.ci" type="simple" />
            <root url="jrt:///Users/Walter/.sdkman/candidates/java/11.0.2-open!/jdk.internal.vm.compiler" type="simple" />
            <root url="jrt:///Users/Walter/.sdkman/candidates/java/11.0.2-open!/jdk.internal.vm.compiler.management" type="simple" />
            <root url="jrt:///Users/Walter/.sdkman/candidates/java/11.0.2-open!/jdk.jartool" type="simple" />
            <root url="jrt:///Users/Walter/.sdkman/candidates/java/11.0.2-open!/jdk.javadoc" type="simple" />
            <root url="jrt:///Users/Walter/.sdkman/candidates/java/11.0.2-open!/jdk.jcmd" type="simple" />
            <root url="jrt:///Users/Walter/.sdkman/candidates/java/11.0.2-open!/jdk.jconsole" type="simple" />
            <root url="jrt:///Users/Walter/.sdkman/candidates/java/11.0.2-open!/jdk.jdeps" type="simple" />
            <root url="jrt:///Users/Walter/.sdkman/candidates/java/11.0.2-open!/jdk.jdi" type="simple" />
            <root url="jrt:///Users/Walter/.sdkman/candidates/java/11.0.2-open!/jdk.jdwp.agent" type="simple" />
            <root url="jrt:///Users/Walter/.sdkman/candidates/java/11.0.2-open!/jdk.jfr" type="simple" />
            <root url="jrt:///Users/Walter/.sdkman/candidates/java/11.0.2-open!/jdk.jlink" type="simple" />
            <root url="jrt:///Users/Walter/.sdkman/candidates/java/11.0.2-open!/jdk.jshell" type="simple" />
            <root url="jrt:///Users/Walter/.sdkman/candidates/java/11.0.2-open!/jdk.jsobject" type="simple" />
            <root url="jrt:///Users/Walter/.sdkman/candidates/java/11.0.2-open!/jdk.jstatd" type="simple" />
            <root url="jrt:///Users/Walter/.sdkman/candidates/java/11.0.2-open!/jdk.localedata" type="simple" />
            <root url="jrt:///Users/Walter/.sdkman/candidates/java/11.0.2-open!/jdk.management" type="simple" />
            <root url="jrt:///Users/Walter/.sdkman/candidates/java/11.0.2-open!/jdk.management.agent" type="simple" />
            <root url="jrt:///Users/Walter/.sdkman/candidates/java/11.0.2-open!/jdk.management.jfr" type="simple" />
            <root url="jrt:///Users/Walter/.sdkman/candidates/java/11.0.2-open!/jdk.naming.dns" type="simple" />
            <root url="jrt:///Users/Walter/.sdkman/candidates/java/11.0.2-open!/jdk.naming.rmi" type="simple" />
            <root url="jrt:///Users/Walter/.sdkman/candidates/java/11.0.2-open!/jdk.net" type="simple" />
            <root url="jrt:///Users/Walter/.sdkman/candidates/java/11.0.2-open!/jdk.pack" type="simple" />
            <root url="jrt:///Users/Walter/.sdkman/candidates/java/11.0.2-open!/jdk.rmic" type="simple" />
            <root url="jrt:///Users/Walter/.sdkman/candidates/java/11.0.2-open!/jdk.scripting.nashorn" type="simple" />
            <root url="jrt:///Users/Walter/.sdkman/candidates/java/11.0.2-open!/jdk.scripting.nashorn.shell" type="simple" />
            <root url="jrt:///Users/Walter/.sdkman/candidates/java/11.0.2-open!/jdk.sctp" type="simple" />
            <root url="jrt:///Users/Walter/.sdkman/candidates/java/11.0.2-open!/jdk.security.auth" type="simple" />
            <root url="jrt:///Users/Walter/.sdkman/candidates/java/11.0.2-open!/jdk.security.jgss" type="simple" />
            <root url="jrt:///Users/Walter/.sdkman/candidates/java/11.0.2-open!/jdk.unsupported" type="simple" />
            <root url="jrt:///Users/Walter/.sdkman/candidates/java/11.0.2-open!/jdk.unsupported.desktop" type="simple" />
            <root url="jrt:///Users/Walter/.sdkman/candidates/java/11.0.2-open!/jdk.xml.dom" type="simple" />
            <root url="jrt:///Users/Walter/.sdkman/candidates/java/11.0.2-open!/jdk.zipfs" type="simple" />
          </root>
        </classPath>
        <javadocPath>
          <root type="composite" />
        </javadocPath>
        <sourcePath>
          <root type="composite">
            <root url="jar://$USER_HOME$/.sdkman/candidates/java/11.0.2-open/lib/src.zip!/java.se" type="simple" />
            <root url="jar://$USER_HOME$/.sdkman/candidates/java/11.0.2-open/lib/src.zip!/jdk.aot" type="simple" />
            <root url="jar://$USER_HOME$/.sdkman/candidates/java/11.0.2-open/lib/src.zip!/jdk.jdi" type="simple" />
            <root url="jar://$USER_HOME$/.sdkman/candidates/java/11.0.2-open/lib/src.zip!/jdk.jfr" type="simple" />
            <root url="jar://$USER_HOME$/.sdkman/candidates/java/11.0.2-open/lib/src.zip!/jdk.net" type="simple" />
            <root url="jar://$USER_HOME$/.sdkman/candidates/java/11.0.2-open/lib/src.zip!/java.rmi" type="simple" />
            <root url="jar://$USER_HOME$/.sdkman/candidates/java/11.0.2-open/lib/src.zip!/java.sql" type="simple" />
            <root url="jar://$USER_HOME$/.sdkman/candidates/java/11.0.2-open/lib/src.zip!/java.xml" type="simple" />
            <root url="jar://$USER_HOME$/.sdkman/candidates/java/11.0.2-open/lib/src.zip!/jdk.jcmd" type="simple" />
            <root url="jar://$USER_HOME$/.sdkman/candidates/java/11.0.2-open/lib/src.zip!/jdk.pack" type="simple" />
            <root url="jar://$USER_HOME$/.sdkman/candidates/java/11.0.2-open/lib/src.zip!/jdk.rmic" type="simple" />
            <root url="jar://$USER_HOME$/.sdkman/candidates/java/11.0.2-open/lib/src.zip!/jdk.sctp" type="simple" />
            <root url="jar://$USER_HOME$/.sdkman/candidates/java/11.0.2-open/lib/src.zip!/java.base" type="simple" />
            <root url="jar://$USER_HOME$/.sdkman/candidates/java/11.0.2-open/lib/src.zip!/jdk.jdeps" type="simple" />
            <root url="jar://$USER_HOME$/.sdkman/candidates/java/11.0.2-open/lib/src.zip!/jdk.jlink" type="simple" />
            <root url="jar://$USER_HOME$/.sdkman/candidates/java/11.0.2-open/lib/src.zip!/jdk.zipfs" type="simple" />
            <root url="jar://$USER_HOME$/.sdkman/candidates/java/11.0.2-open/lib/src.zip!/java.prefs" type="simple" />
            <root url="jar://$USER_HOME$/.sdkman/candidates/java/11.0.2-open/lib/src.zip!/jdk.attach" type="simple" />
            <root url="jar://$USER_HOME$/.sdkman/candidates/java/11.0.2-open/lib/src.zip!/jdk.jshell" type="simple" />
            <root url="jar://$USER_HOME$/.sdkman/candidates/java/11.0.2-open/lib/src.zip!/jdk.jstatd" type="simple" />
            <root url="jar://$USER_HOME$/.sdkman/candidates/java/11.0.2-open/lib/src.zip!/java.naming" type="simple" />
            <root url="jar://$USER_HOME$/.sdkman/candidates/java/11.0.2-open/lib/src.zip!/jdk.editpad" type="simple" />
            <root url="jar://$USER_HOME$/.sdkman/candidates/java/11.0.2-open/lib/src.zip!/jdk.jartool" type="simple" />
            <root url="jar://$USER_HOME$/.sdkman/candidates/java/11.0.2-open/lib/src.zip!/jdk.javadoc" type="simple" />
            <root url="jar://$USER_HOME$/.sdkman/candidates/java/11.0.2-open/lib/src.zip!/jdk.xml.dom" type="simple" />
            <root url="jar://$USER_HOME$/.sdkman/candidates/java/11.0.2-open/lib/src.zip!/java.desktop" type="simple" />
            <root url="jar://$USER_HOME$/.sdkman/candidates/java/11.0.2-open/lib/src.zip!/java.logging" type="simple" />
            <root url="jar://$USER_HOME$/.sdkman/candidates/java/11.0.2-open/lib/src.zip!/jdk.charsets" type="simple" />
            <root url="jar://$USER_HOME$/.sdkman/candidates/java/11.0.2-open/lib/src.zip!/jdk.compiler" type="simple" />
            <root url="jar://$USER_HOME$/.sdkman/candidates/java/11.0.2-open/lib/src.zip!/jdk.dynalink" type="simple" />
            <root url="jar://$USER_HOME$/.sdkman/candidates/java/11.0.2-open/lib/src.zip!/jdk.jconsole" type="simple" />
            <root url="jar://$USER_HOME$/.sdkman/candidates/java/11.0.2-open/lib/src.zip!/jdk.jsobject" type="simple" />
            <root url="jar://$USER_HOME$/.sdkman/candidates/java/11.0.2-open/lib/src.zip!/java.compiler" type="simple" />
            <root url="jar://$USER_HOME$/.sdkman/candidates/java/11.0.2-open/lib/src.zip!/java.net.http" type="simple" />
            <root url="jar://$USER_HOME$/.sdkman/candidates/java/11.0.2-open/lib/src.zip!/jdk.crypto.ec" type="simple" />
            <root url="jar://$USER_HOME$/.sdkman/candidates/java/11.0.2-open/lib/src.zip!/java.scripting" type="simple" />
            <root url="jar://$USER_HOME$/.sdkman/candidates/java/11.0.2-open/lib/src.zip!/jdk.httpserver" type="simple" />
            <root url="jar://$USER_HOME$/.sdkman/candidates/java/11.0.2-open/lib/src.zip!/jdk.jdwp.agent" type="simple" />
            <root url="jar://$USER_HOME$/.sdkman/candidates/java/11.0.2-open/lib/src.zip!/jdk.localedata" type="simple" />
            <root url="jar://$USER_HOME$/.sdkman/candidates/java/11.0.2-open/lib/src.zip!/jdk.management" type="simple" />
            <root url="jar://$USER_HOME$/.sdkman/candidates/java/11.0.2-open/lib/src.zip!/jdk.naming.dns" type="simple" />
            <root url="jar://$USER_HOME$/.sdkman/candidates/java/11.0.2-open/lib/src.zip!/jdk.naming.rmi" type="simple" />
            <root url="jar://$USER_HOME$/.sdkman/candidates/java/11.0.2-open/lib/src.zip!/java.instrument" type="simple" />
            <root url="jar://$USER_HOME$/.sdkman/candidates/java/11.0.2-open/lib/src.zip!/java.management" type="simple" />
            <root url="jar://$USER_HOME$/.sdkman/candidates/java/11.0.2-open/lib/src.zip!/java.sql.rowset" type="simple" />
            <root url="jar://$USER_HOME$/.sdkman/candidates/java/11.0.2-open/lib/src.zip!/java.xml.crypto" type="simple" />
            <root url="jar://$USER_HOME$/.sdkman/candidates/java/11.0.2-open/lib/src.zip!/jdk.internal.ed" type="simple" />
            <root url="jar://$USER_HOME$/.sdkman/candidates/java/11.0.2-open/lib/src.zip!/jdk.internal.le" type="simple" />
            <root url="jar://$USER_HOME$/.sdkman/candidates/java/11.0.2-open/lib/src.zip!/jdk.unsupported" type="simple" />
            <root url="jar://$USER_HOME$/.sdkman/candidates/java/11.0.2-open/lib/src.zip!/java.smartcardio" type="simple" />
            <root url="jar://$USER_HOME$/.sdkman/candidates/java/11.0.2-open/lib/src.zip!/jdk.internal.opt" type="simple" />
            <root url="jar://$USER_HOME$/.sdkman/candidates/java/11.0.2-open/lib/src.zip!/java.datatransfer" type="simple" />
            <root url="jar://$USER_HOME$/.sdkman/candidates/java/11.0.2-open/lib/src.zip!/jdk.accessibility" type="simple" />
            <root url="jar://$USER_HOME$/.sdkman/candidates/java/11.0.2-open/lib/src.zip!/jdk.hotspot.agent" type="simple" />
            <root url="jar://$USER_HOME$/.sdkman/candidates/java/11.0.2-open/lib/src.zip!/jdk.security.auth" type="simple" />
            <root url="jar://$USER_HOME$/.sdkman/candidates/java/11.0.2-open/lib/src.zip!/jdk.security.jgss" type="simple" />
            <root url="jar://$USER_HOME$/.sdkman/candidates/java/11.0.2-open/lib/src.zip!/java.security.jgss" type="simple" />
            <root url="jar://$USER_HOME$/.sdkman/candidates/java/11.0.2-open/lib/src.zip!/java.security.sasl" type="simple" />
            <root url="jar://$USER_HOME$/.sdkman/candidates/java/11.0.2-open/lib/src.zip!/jdk.internal.vm.ci" type="simple" />
            <root url="jar://$USER_HOME$/.sdkman/candidates/java/11.0.2-open/lib/src.zip!/jdk.management.jfr" type="simple" />
            <root url="jar://$USER_HOME$/.sdkman/candidates/java/11.0.2-open/lib/src.zip!/java.management.rmi" type="simple" />
            <root url="jar://$USER_HOME$/.sdkman/candidates/java/11.0.2-open/lib/src.zip!/java.transaction.xa" type="simple" />
            <root url="jar://$USER_HOME$/.sdkman/candidates/java/11.0.2-open/lib/src.zip!/jdk.crypto.cryptoki" type="simple" />
            <root url="jar://$USER_HOME$/.sdkman/candidates/java/11.0.2-open/lib/src.zip!/jdk.internal.jvmstat" type="simple" />
            <root url="jar://$USER_HOME$/.sdkman/candidates/java/11.0.2-open/lib/src.zip!/jdk.management.agent" type="simple" />
            <root url="jar://$USER_HOME$/.sdkman/candidates/java/11.0.2-open/lib/src.zip!/jdk.scripting.nashorn" type="simple" />
            <root url="jar://$USER_HOME$/.sdkman/candidates/java/11.0.2-open/lib/src.zip!/jdk.unsupported.desktop" type="simple" />
            <root url="jar://$USER_HOME$/.sdkman/candidates/java/11.0.2-open/lib/src.zip!/jdk.internal.vm.compiler" type="simple" />
            <root url="jar://$USER_HOME$/.sdkman/candidates/java/11.0.2-open/lib/src.zip!/jdk.scripting.nashorn.shell" type="simple" />
            <root url="jar://$USER_HOME$/.sdkman/candidates/java/11.0.2-open/lib/src.zip!/jdk.internal.vm.compiler.management" type="simple" />
          </root>
        </sourcePath>
      </roots>
      <additional />
    </jdk>
  </component>
</application>